{
    "threshold": 0.06060597069124717,
    "params": {
        "depth": 7,
        "learning_rate": 0.06755299349328014,
        "l2_leaf_reg": 1.5042830147886785,
        "bagging_temperature": 0.6114015085199157,
        "random_strength": 15.945527189606212,
        "border_count": 158
    }
}